{
  "model_path": "/mnt/fsx/fsx-pred/prediction/tdvi/data/a5-alignment/models/Llama-3.1-8B",
  "data_dir": "/root/cs336-assignment5-alignment/data/mmlu",
  "split": "test",
  "num_examples": 14042,
  "correct": 8293,
  "accuracy": 59.05853866970517,
  "failed_to_parse": 0,
  "throughput_examples_per_second": 26.43382085566599,
  "generation_time_seconds": 531.2134056091309,
  "subject_accuracies": {
    "abstract_algebra": 35.0,
    "anatomy": 60.0,
    "astronomy": 68.42105263157895,
    "business_ethics": 61.0,
    "clinical_knowledge": 67.9245283018868,
    "college_biology": 66.66666666666666,
    "college_chemistry": 40.0,
    "college_computer_science": 50.0,
    "college_mathematics": 32.0,
    "college_medicine": 56.06936416184971,
    "college_physics": 40.19607843137255,
    "computer_security": 70.0,
    "conceptual_physics": 51.06382978723404,
    "econometrics": 43.859649122807014,
    "electrical_engineering": 55.86206896551724,
    "elementary_mathematics": 42.592592592592595,
    "formal_logic": 40.476190476190474,
    "global_facts": 36.0,
    "high_school_biology": 72.90322580645162,
    "high_school_chemistry": 53.20197044334976,
    "high_school_computer_science": 61.0,
    "high_school_european_history": 73.33333333333333,
    "high_school_geography": 70.70707070707071,
    "high_school_government_and_politics": 78.23834196891191,
    "high_school_macroeconomics": 59.48717948717949,
    "high_school_mathematics": 38.148148148148145,
    "high_school_microeconomics": 62.18487394957983,
    "high_school_physics": 42.384105960264904,
    "high_school_psychology": 78.89908256880734,
    "high_school_statistics": 45.370370370370374,
    "high_school_us_history": 76.47058823529412,
    "high_school_world_history": 82.70042194092827,
    "human_aging": 62.33183856502242,
    "human_sexuality": 74.04580152671755,
    "international_law": 73.55371900826447,
    "jurisprudence": 66.66666666666666,
    "logical_fallacies": 73.61963190184049,
    "machine_learning": 40.17857142857143,
    "management": 75.72815533980582,
    "marketing": 84.1880341880342,
    "medical_genetics": 75.0,
    "miscellaneous": 76.88378033205619,
    "moral_disputes": 63.8728323699422,
    "moral_scenarios": 24.022346368715084,
    "nutrition": 68.30065359477125,
    "philosophy": 65.91639871382637,
    "prehistory": 70.06172839506173,
    "professional_accounting": 47.87234042553192,
    "professional_law": 43.089960886571056,
    "professional_medicine": 69.85294117647058,
    "professional_psychology": 64.05228758169935,
    "public_relations": 63.63636363636363,
    "security_studies": 71.0204081632653,
    "sociology": 80.59701492537313,
    "us_foreign_policy": 83.0,
    "virology": 49.39759036144578,
    "world_religions": 77.77777777777779
  }
}